"0","knitr::opts_chunk$set(echo = TRUE, warning = FALSE, message = FALSE, results = FALSE)"
"2","Warning message:
"
"2","package ‘sp’ was built under R version 4.2.3 
"
"0","### Our usual friends"
"0","library(tidyverse)"
"0","library(here)"
"0","library(janitor)"
"0",""
"0","### The main package we're working with"
"0","library(adehabitatHR)"
"0",""
"0","### For working with SpatialPointsDataFrames"
"0","library(sp)"
"0",""
"0","### To help with display"
"0","library(scales)"
"0","library(ggmap)"
