{"chunk_definitions":[{"row":19,"row_count":1,"visible":true,"expansion_state":0,"options":{"include":false,"engine":"r","label":"setup","echo":true,"warning":false,"message":false,"results":false},"document_id":"DCBB9B15","chunk_id":"csetup_chunk","chunk_label":"setup"},{"row":35,"row_count":1,"visible":true,"expansion_state":0,"options":{"engine":"r","label":"unnamed-chunk-10"},"document_id":"DCBB9B15","chunk_id":"cqijraf4idyw8","chunk_label":"unnamed-chunk-1"},{"row":48,"row_count":1,"visible":true,"expansion_state":0,"options":{"engine":"r","label":"unnamed-chunk-11"},"document_id":"DCBB9B15","chunk_id":"chk0dfw2p39g4","chunk_label":"unnamed-chunk-2"},{"row":57,"row_count":1,"visible":true,"expansion_state":0,"options":{"engine":"r","label":"unnamed-chunk-13"},"document_id":"DCBB9B15","chunk_id":"c0bxca2hvosby","chunk_label":"unnamed-chunk-3"},{"row":61,"row_count":1,"visible":true,"expansion_state":0,"options":{"engine":"r","label":"unnamed-chunk-14"},"document_id":"DCBB9B15","chunk_id":"cf3tcn9csy6fp","chunk_label":"unnamed-chunk-4"},{"row":69,"row_count":1,"visible":true,"expansion_state":0,"options":{"engine":"r","label":"unnamed-chunk-15"},"document_id":"DCBB9B15","chunk_id":"ceixlpiso1ows","chunk_label":"unnamed-chunk-5"},{"row":73,"row_count":1,"visible":true,"expansion_state":0,"options":{"engine":"r","label":"unnamed-chunk-16"},"document_id":"DCBB9B15","chunk_id":"clu7w94tf2jf7","chunk_label":"unnamed-chunk-6"},{"row":79,"row_count":1,"visible":true,"expansion_state":0,"options":{"engine":"r","label":"unnamed-chunk-17"},"document_id":"DCBB9B15","chunk_id":"c3jj14ckfcakr","chunk_label":"unnamed-chunk-7"},{"row":86,"row_count":1,"visible":true,"expansion_state":0,"options":{"engine":"r","label":"unnamed-chunk-18"},"document_id":"DCBB9B15","chunk_id":"cosr1hzybf09z","chunk_label":"unnamed-chunk-8"},{"row":98,"row_count":1,"visible":true,"expansion_state":0,"options":{"engine":"r","label":"unnamed-chunk-19"},"document_id":"DCBB9B15","chunk_id":"c9gfhx768d0s0","chunk_label":"unnamed-chunk-9"}],"doc_write_time":1706831706,"working_dir":null,"default_chunk_options":{"echo":true,"warning":false,"message":false,"results":false},"chunk_rendered_width":700}