{"chunk_definitions":[{"row":26,"row_count":1,"visible":true,"expansion_state":0,"options":{"engine":"r","label":"setup","include":false},"document_id":"F7C96A64","chunk_id":"csetup_chunk","chunk_label":"setup"},{"row":34,"row_count":1,"visible":true,"expansion_state":0,"options":{"engine":"r","label":"unnamed-chunk-21"},"document_id":"F7C96A64","chunk_id":"c0334owzr6hzs","chunk_label":"unnamed-chunk-1"},{"row":48,"row_count":1,"visible":true,"expansion_state":0,"options":{"engine":"r","label":"unnamed-chunk-22"},"document_id":"F7C96A64","chunk_id":"cdfpm3p3dgd0u","chunk_label":"unnamed-chunk-2"},{"row":60,"row_count":1,"visible":true,"expansion_state":0,"options":{"engine":"r","label":"unnamed-chunk-23"},"document_id":"F7C96A64","chunk_id":"ck1159wkzwr16","chunk_label":"unnamed-chunk-3"},{"row":69,"row_count":1,"visible":true,"expansion_state":0,"options":{"engine":"r","label":"unnamed-chunk-24"},"document_id":"F7C96A64","chunk_id":"c85uk55jmzspj","chunk_label":"unnamed-chunk-4"},{"row":92,"row_count":1,"visible":true,"expansion_state":0,"options":{"engine":"r","label":"unnamed-chunk-25"},"document_id":"F7C96A64","chunk_id":"ce1j30f1tvt2r","chunk_label":"unnamed-chunk-5"},{"row":123,"row_count":1,"visible":true,"expansion_state":0,"options":{"engine":"r","label":"unnamed-chunk-26"},"document_id":"F7C96A64","chunk_id":"cp6tf2bkvihya","chunk_label":"unnamed-chunk-6"},{"row":128,"row_count":1,"visible":true,"expansion_state":0,"options":{"engine":"r","label":"unnamed-chunk-28"},"document_id":"F7C96A64","chunk_id":"c7qvaejyofm20","chunk_label":"unnamed-chunk-7"},{"row":148,"row_count":1,"visible":true,"expansion_state":0,"options":{"engine":"r","label":"unnamed-chunk-29"},"document_id":"F7C96A64","chunk_id":"cdmk58dwh7h7z","chunk_label":"unnamed-chunk-8"},{"row":163,"row_count":1,"visible":true,"expansion_state":0,"options":{"engine":"r","label":"unnamed-chunk-30"},"document_id":"F7C96A64","chunk_id":"cyq7e3gaiosq3","chunk_label":"unnamed-chunk-9"},{"row":191,"row_count":1,"visible":true,"expansion_state":0,"options":{"engine":"r","label":"unnamed-chunk-31"},"document_id":"F7C96A64","chunk_id":"c75pmbm7hrbme","chunk_label":"unnamed-chunk-10"},{"row":217,"row_count":1,"visible":true,"expansion_state":0,"options":{"engine":"r","label":"unnamed-chunk-32"},"document_id":"F7C96A64","chunk_id":"c1ugydbrck5ht","chunk_label":"unnamed-chunk-12"},{"row":229,"row_count":1,"visible":true,"expansion_state":0,"options":{"engine":"r","label":"unnamed-chunk-33"},"document_id":"F7C96A64","chunk_id":"cbb6glk2csusd","chunk_label":"unnamed-chunk-13"}],"doc_write_time":1707265900,"working_dir":null,"default_chunk_options":{"echo":true}}