"0","#can use this function from FSAdata to find data that is compatible with the function"
"0","help.search(""Catch curve"", package=c(""FSAdata"",""FSA""))"
"0",""
"0","#we are going to use data of estimated catch-at-age for Gulf Menhaden from 1964-2004"
"0","data<-FSAdata::Menhaden1 %>% "
"0","  #pivot the data to get it in the required format"
"0","  pivot_longer(cols = age0:age6, names_to = ""age"", values_to = ""ct"") %>% "
"0","  #then use group by and summarize to get one total catch value by age class"
"0","  group_by(age) %>% summarise(catch=sum(ct))"
"0",""
"0","#use string manipulations to remove the leading age_ from the values in the age column"
"0","data$age<-str_replace_all(data$age, ""age"", """")"
"0",""
"0","#convert columns to numerics"
"0","data$age<-as.numeric(data$age)"
"0",""
"0","#take the log of catch"
"0","data$logct <- log(data$catch)"
"0",""
"0","#examine the structure of the dataframe"
"0","str(data)"
"1","tibble [7 × 3]"
"1",""
"1"," (S3: "
"1",""
"1","tbl_df/tbl/data.frame"
"1",""
"1",")"
"1",""
"1","
"
"1"," "
"1",""
"1","$ "
"1",""
"1","age  "
"1",""
"1",":"
"1"," num [1:7] "
"1",""
"1","0 1 2 3 4 5 6"
"1",""
"1","
"
"1"," "
"1",""
"1","$ "
"1",""
"1","catch"
"1",""
"1",":"
"1"," num [1:7] "
"1",""
"1","502 161220 90815 9419 708"
"1",""
"1"," ..."
"1",""
"1","
"
"1"," "
"1",""
"1","$ "
"1",""
"1","logct"
"1",""
"1",":"
"1"," num [1:7] "
"1",""
"1","6.22 11.99 11.42 9.15 6.56"
"1",""
"1"," ..."
"1",""
"1","
"
