{"chunk_definitions":[{"row":33,"row_count":1,"visible":true,"expansion_state":0,"options":{"include":false,"engine":"r","label":"setup","echo":true,"warning":false,"message":false,"results":false},"document_id":"6FA8514C","chunk_id":"csetup_chunk","chunk_label":"setup"},{"row":50,"row_count":1,"visible":true,"expansion_state":0,"options":{"engine":"r","label":"unnamed-chunk-2"},"document_id":"6FA8514C","chunk_id":"c7omhxbthk4v7","chunk_label":"unnamed-chunk-1"},{"row":69,"row_count":1,"visible":true,"expansion_state":0,"options":{"engine":"r","label":"unnamed-chunk-3"},"document_id":"6FA8514C","chunk_id":"cfosw8x4s73ui","chunk_label":"unnamed-chunk-2"},{"row":82,"row_count":1,"visible":true,"expansion_state":0,"options":{"engine":"r","label":"unnamed-chunk-4"},"document_id":"6FA8514C","chunk_id":"co5r8x79jm474","chunk_label":"unnamed-chunk-3"},{"row":93,"row_count":1,"visible":true,"expansion_state":0,"options":{"engine":"r","label":"unnamed-chunk-5"},"document_id":"6FA8514C","chunk_id":"cim6fkv7hf7re","chunk_label":"unnamed-chunk-4"},{"row":107,"row_count":1,"visible":true,"expansion_state":0,"options":{"engine":"r","label":"unnamed-chunk-6"},"document_id":"6FA8514C","chunk_id":"cz1wt8boz40sw","chunk_label":"unnamed-chunk-5"},{"row":111,"row_count":1,"visible":true,"expansion_state":0,"options":{"engine":"r","label":"unnamed-chunk-8"},"document_id":"6FA8514C","chunk_id":"cjqdcpz5tj3kg","chunk_label":"unnamed-chunk-6"},{"row":154,"row_count":1,"visible":true,"expansion_state":0,"options":{"engine":"r","label":"unnamed-chunk-20"},"document_id":"6FA8514C","chunk_id":"c6nirsc2i3a2h","chunk_label":"unnamed-chunk-7"}],"doc_write_time":1706894915,"working_dir":null,"default_chunk_options":{"echo":true,"warning":false,"message":false,"results":false},"chunk_rendered_width":700}