"0","#let's look at the Bluegill data, which was a catch and release sample from a lake in Wisconsin. "
"0",""
"0","#this data has fish length in inches and weight in grams. recall for relative weights you need to be fully in  english or metric units. "
"0",""
"0","#convert lengths to mm in a new column called length_mm"
"0","InchLake2$length_mm <- round(InchLake2$length*25.4,0) "
"0",""
"0","#look specifically at Bluegill fish, and from the year 2007, to get a snapshot of how the population was doing at that particular time"
"0","bluegill_2007 <- InchLake2 %>% "
"0","  filter(species == ""Bluegill"", year == ""2007"") "
