"0","### SpatialPointsDataFrame objects don't like missing values, so it helps to remove NA's"
"0","elk_ner <- elk_ner[!is.na(elk_ner$x) & !is.na(elk_ner$y),]"
"0",""
"0","### Only need three columns (id, x, and y coordinates)"
"0","elk.sp <- elk_ner[, c(""id"", ""x"", ""y"")] "
"0",""
"0","### Define coordinates to create a SpatialPointsDataFrame "
"0","coordinates(elk.sp) <- c(""x"", ""y"")"
"0",""
"0","### Set the coordinate reference system (CRS)"
"0","### The data are UTM points in WGS84 from zone 12N"
"0","proj4string(elk.sp) <- CRS(""+proj=utm +zone=12 +datum=WGS84 +units=m +no_defs"")"
