"0","### Read the csv"
"0","elk <- read_csv(here(""Portfolio 3 - adehabitatHR"", ""Data"", ""elk_collar.csv"")) #removed here"
"0",""
"0","### Convert the elk ID column to character to prevent R from getting confused"
"0","elk <- elk %>% "
"0","  mutate_at(""id"", as.character)"
"0",""
"0","### To start, let's filter to 6 elk from the National Elk Refuge"
"0","elk_ner <- elk %>% "
"0","  filter(feedground == ""National_Elk_Refuge"") %>%  #select a feedground of interest"
"0","  filter(id %in% c(""631"", ""632"", ""633"", ""634"", ""635"", ""636"")) #select id of elk of interest"
