"0","#for bluegill research groups them into the following classes: "
"0","## <8 cm "
"0","## <15 cm"
"0","## <20 cm"
"0","## <25 cm "
"0","## <30 cm "
"0","#approximate length at maturity for bluegill is 15cm, so the first two size classes are juveniles "
"0",""
"0","#categorize each fish into its size class "
"0","bluegill_2007 <- bluegill_2007 %>% "
"0","  mutate(class = ifelse(length_mm < 80, ""young_of_year"", ifelse(length_mm < 150, ""juvenile"", ifelse(length_mm < 200, ""adult_1"", ifelse(length_mm < 250, ""adult_2"", ""adult_3"")))))"
"0",""
"0","#the relative weight function doesn't work for fish in the young of year class for this species (they're too short), so we can compare juveniles to different classes of adults "
"0",""
"0","bluegill_2007_summary <- bluegill_2007 %>% "
"0","  group_by(class) %>%"
"0","  summarize(mean_relative_weight = mean(relative_weight, na.rm = TRUE))"
"0",""
"0","bluegill_2007_summary"
